<?xml version="1.0" encoding="UTF-8"?>
<content xmlns:j="http://www.jahia.org/jahia/1.0" xmlns:jcr="http://www.jcp.org/jcr/1.0">
    <modules jcr:primaryType="jnt:modules">
        <sample j:dependencies="default"
                j:installedModules="sample"
                j:modulePriority="0"
                j:moduleType="jahiapp"
                j:title="Sample JahiApp"
                jcr:primaryType="jnt:module">
                
                <portlets jcr:primaryType="jnt:portletFolder"/>
                <files jcr:primaryType="jnt:folder"/>
                <contents jcr:primaryType="jnt:contentFolder"/>
                <templates jcr:primaryType="jnt:templatesFolder">
                    <files jcr:primaryType="jnt:folder">
                        <themes jcr:primaryType="jnt:folder">
                            <default jcr:primaryType="jnt:folder"/>
                        </themes>
                    </files>
                    <contents jcr:primaryType="jnt:contentFolder"/>
                </templates>
                
            </sample>
    </modules>
</content>